<!--<odoo>-->
<!--    <data>-->
<!--        <record id="patient_id" model="hospital.patient">-->
<!--            <field name="name">eight</field>-->
<!--            <field name="age">20</field>-->
<!--            <field name="gender">Male</field>-->
<!--            <field name="contact">021452</field>-->
<!--            <field name="diagnose_id" string="Desease">heart</field>-->
<!--            <field name="notes">hard</field>-->
<!--            <field name="doctor_id">mona</field>-->
<!--            <field name="doctor_gender">Female</field>-->
<!--        </record>-->
<!--    </data>-->
<!--</odoo>-->